<?xml version="1.0" encoding="UTF-8"?>
<project-private xmlns="http://www.netbeans.org/ns/project-private/1">
    <editor-bookmarks xmlns="http://www.netbeans.org/ns/editor-bookmarks/2" lastBookmarkId="0"/>
    <open-files xmlns="http://www.netbeans.org/ns/projectui-open-files/2">
        <group>
            <file>file:/var/www/html/affiliation/models/SellingProduct.php</file>
            <file>file:/var/www/html/affiliation/dao/ProductDao.php</file>
            <file>file:/var/www/html/affiliation/models/Product.php</file>
            <file>file:/var/www/html/affiliation/models/Agent.php</file>
            <file>file:/var/www/html/affiliation/controllers/SellingController.php</file>
            <file>file:/var/www/html/affiliation/DOA/DOA.php</file>
            <file>file:/var/www/html/affiliation/dao/SellingProductDao.php</file>
            <file>file:/var/www/html/affiliation/controllers/ProductController.php</file>
            <file>file:/var/www/html/affiliation/controllers/agentController.php</file>
            <file>file:/var/www/html/affiliation/AgentModel.php</file>
            <file>file:/var/www/html/affiliation/dao/.htaccess</file>
            <file>file:/var/www/html/affiliation/util/DBUtil.php</file>
            <file>file:/var/www/html/affiliation/dao/AgentDao.php</file>
        </group>
    </open-files>
</project-private>
